{"IsEnabled":false,"IsVisible":false,"IsAlive":false,"CurrentAbilities":[],"MaiMaxHealth":0.0,"MaiCurrentHealth":0.0,"CollectedCoins":0,"MaiPosition":[0.0,0.0,0.0],"MaiRotation":[0.0,0.0,0.0,0.0],"HasBox":false,"RobyMaxHealth":0.0,"RobyCurrentHealth":0.0,"RobyPosition":[0.0,0.0,0.0],"RobyRotation":[0.0,0.0,0.0,0.0],"CratePosition":[0.0,0.0,0.0],"CrateRotation":[0.0,0.0,0.0,0.0],"CustomDictionaries":[{"SpawnPointName":"GameObject","EnemyStatsList":[{"EnemyType":1,"hp":200.0,"GUID":-51996,"EnemyPosition":[156.80418395996095,0.0833333358168602,189.8134765625],"EnemyRotation":[0.0,0.9008551836013794,0.0,0.43411991000175478]},{"EnemyType":0,"hp":100.0,"GUID":-52416,"EnemyPosition":[163.1654815673828,0.0833333358168602,183.6508026123047],"EnemyRotation":[0.0,0.9041621088981628,0.0,0.42718952894210818]},{"EnemyType":0,"hp":100.0,"GUID":-52836,"EnemyPosition":[163.8263702392578,0.0833333358168602,188.1041259765625],"EnemyRotation":[0.0,0.9041621088981628,0.0,0.42718952894210818]},{"EnemyType":0,"hp":100.0,"GUID":-53256,"EnemyPosition":[158.03848266601563,0.0833333358168602,190.4740753173828],"EnemyRotation":[0.0,0.8848735094070435,0.0,0.46583136916160586]}]}]}