{"IsEnabled":false,"IsVisible":false,"IsAlive":false,"CurrentAbilities":[],"MaiMaxHealth":100.0,"MaiCurrentHealth":100.0,"CollectedCoins":0,"MaiPosition":[160.2889862060547,0.029999881982803346,172.42100524902345],"MaiRotation":[0.0,0.9999985694885254,0.0,-0.0016853348352015019],"HasBox":false,"RobyMaxHealth":100.0,"RobyCurrentHealth":100.0,"RobyPosition":[161.4868927001953,0.0833333358168602,178.0396270751953],"RobyRotation":[0.0,-0.3169524073600769,0.0,0.9484414458274841],"CratePosition":[151.4393310546875,-0.01000000536441803,175.3998565673828],"CrateRotation":[-2.1469620747893715e-8,-7.183862749116088e-8,-9.557322044884131e-8,1.0],"CustomDictionaries":[{"SpawnPointName":"GameObject","EnemyStatsList":[{"EnemyType":0,"hp":20.0,"GUID":-116072,"EnemyPosition":[161.27459716796876,0.0833333358168602,177.21658325195313],"EnemyRotation":[0.0,-0.12566983699798585,0.0,-0.9920721650123596]},{"EnemyType":0,"hp":60.0,"GUID":-116492,"EnemyPosition":[161.44558715820313,0.0833333358168602,178.99754333496095],"EnemyRotation":[0.0,0.9997678995132446,0.0,0.021545378491282464]},{"EnemyType":0,"hp":20.0,"GUID":-116072,"EnemyPosition":[161.21865844726563,0.0833333358168602,177.1293182373047],"EnemyRotation":[0.0,-0.14140601456165315,0.0,-0.9899517297744751]},{"EnemyType":0,"hp":60.0,"GUID":-116492,"EnemyPosition":[161.43951416015626,0.0833333358168602,178.80523681640626],"EnemyRotation":[0.0,0.9995546340942383,0.0,0.02984439767897129]}]}]}