{"IsEnabled":false,"IsVisible":false,"IsAlive":false,"CurrentAbilities":[],"MaiMaxHealth":100.0,"MaiCurrentHealth":500.0,"CollectedCoins":0,"MaiPosition":[386.0965270996094,20.633298873901368,395.0521545410156],"MaiRotation":[-4.656612873077393e-10,-0.5751307010650635,6.984919309616089e-10,0.8180615305900574],"HasBox":false,"HasKey":false,"RobyMaxHealth":100.0,"RobyCurrentHealth":500.0,"RobyPosition":[52.34114456176758,10.66430950164795,100.04971313476563],"RobyRotation":[0.0,0.019281426444649698,0.0,0.9998140931129456],"CratePosition":[287.5398254394531,43.28252029418945,384.2877197265625],"CrateRotation":[0.03580813854932785,-0.07581838965415955,-0.05337264761328697,0.9950481057167053],"CustomDictionaries":[],"timer":{"Going":false,"CurrentTime":60.0},"Trials":[{"TrialName":"trial1","HasPassedTrial":false},{"TrialName":"trial2","HasPassedTrial":false},{"TrialName":"trial3","HasPassedTrial":true}]}