{
  "IsEnabled": false,
  "IsVisible": false,
  "IsAlive": false,
  "CurrentAbilities": [],
  "MaiMaxHealth": 100.0,
  "MaiCurrentHealth": 1000.0,
  "CollectedCoins": 0,
  "MaiPosition": [
    159.0953826904297,
    0.025999993085861207,
    175.7964324951172
  ],
  "MaiRotation": [
    0.0,
    0.0,
    0.0,
    1.0
  ],
  "HasBox": false,
  "RobyMaxHealth": 100.0,
  "RobyCurrentHealth": 1000.0,
  "RobyPosition": [
    160.1866912841797,
    0.0833333358168602,
    180.7747344970703
  ],
  "RobyRotation": [
    0.0,
    -0.19763246178627015,
    0.0,
    0.9802762269973755
  ],
  "CratePosition": [
    151.08941650390626,
    -0.009999975562095642,
    175.0926513671875
  ],
  "CrateRotation": [
    -0.0000027365026653569659,
    0.3464198410511017,
    -7.619705684192013e-7,
    0.9380795955657959
  ],
  "CustomDictionaries": [
    {
      "SpawnPointName": "GameObject",
      "EnemyStatsList": [
        {
          "EnemyType": 1,
          "hp": 200.0,
          "GUID": -209718,
          "EnemyPosition": [
            162.9270782470703,
            0.0833333358168602,
            181.71157836914063
          ],
          "EnemyRotation": [
            0.0,
            0.9254651665687561,
            0.0,
            -0.37883269786834719
          ]
        },
        {
          "EnemyType": 0,
          "hp": 100.0,
          "GUID": -210138,
          "EnemyPosition": [
            164.80838012695313,
            0.0833333358168602,
            181.93429565429688
          ],
          "EnemyRotation": [
            0.0,
            0.999565839767456,
            0.0,
            -0.029465263709425927
          ]
        }
      ]
    },
    {
      "SpawnPointName": "GameObject (1)",
      "EnemyStatsList": [
        {
          "EnemyType": 1,
          "hp": 200.0,
          "GUID": -210558,
          "EnemyPosition": [
            161.65342712402345,
            0.0833333358168602,
            189.68359375
          ],
          "EnemyRotation": [
            0.0,
            0.9163719415664673,
            0.0,
            0.4003278315067291
          ]
        },
        {
          "EnemyType": 0,
          "hp": 100.0,
          "GUID": -210978,
          "EnemyPosition": [
            165.39622497558595,
            0.0833333358168602,
            186.2036590576172
          ],
          "EnemyRotation": [
            0.0,
            0.7806284427642822,
            0.0,
            -0.6249953508377075
          ]
        }
      ]
    }
  ]
}