{"IsEnabled":false,"IsVisible":false,"IsAlive":false,"CurrentAbilities":[],"MaiMaxHealth":100.0,"MaiCurrentHealth":100.0,"CollectedCoins":0,"MaiPosition":[435.48126220703127,20.758821487426759,360.297119140625],"MaiRotation":[-1.979060471057892e-8,0.9879930019378662,-4.656612873077393e-10,-0.15449929237365724],"HasBox":false,"HasKey":false,"RobyMaxHealth":100.0,"RobyCurrentHealth":200.0,"RobyPosition":[431.81634521484377,20.892120361328126,359.37579345703127],"RobyRotation":[0.0,0.5339118838310242,0.0,0.8455401659011841],"CratePosition":[287.5799255371094,43.25345993041992,384.5971374511719],"CrateRotation":[0.05693485587835312,-0.0790795311331749,-0.03349272534251213,0.9946773648262024],"CustomDictionaries":[],"timer":{"Going":false,"CurrentTime":60.0},"Trials":[{"TrialName":"trial1","HasPassedTrial":false},{"TrialName":"trial2","HasPassedTrial":false},{"TrialName":"trial3","HasPassedTrial":false}]}