{
  "IsEnabled": false,
  "IsVisible": false,
  "IsAlive": false,
  "CurrentAbilities": [],
  "MaiMaxHealth": 100.0,
  "MaiCurrentHealth": 500.0,
  "CollectedCoins": 0,
  "MaiPosition": [
    393.55792236328127,
    20.61083221435547,
    399.8720397949219
  ],
  "MaiRotation": [
    4.656612873077393e-10,
    -0.5812513828277588,
    2.3283064365386965e-10,
    -0.813724160194397
  ],
  "HasBox": false,
  "HasKey": true,
  "RobyMaxHealth": 100.0,
  "RobyCurrentHealth": 500.0,
  "RobyPosition": [
    47.21517562866211,
    1.5262470245361329,
    43.03709030151367
  ],
  "RobyRotation": [
    0.0,
    0.0,
    0.0,
    1.0
  ],
  "CratePosition": [
    341.260009765625,
    32.619998931884769,
    394.3399963378906
  ],
  "CrateRotation": [
    0.0,
    -0.07766974717378617,
    0.0,
    0.9969791769981384
  ],
  "CustomDictionaries": [],
  "timer": {
    "Going": false,
    "CurrentTime": 0.0
  },
  "Trials": [
    {
      "TrialName": "trial1",
      "HasPassedTrial": true
    },
    {
      "TrialName": "trial2",
      "HasPassedTrial": false
    },
    {
      "TrialName": "trial3",
      "HasPassedTrial": false
    }
  ]
}