{
  "IsEnabled": false,
  "IsVisible": false,
  "IsAlive": false,
  "CurrentAbilities": [],
  "MaiMaxHealth": 100.0,
  "MaiCurrentHealth": 100.0,
  "CollectedCoins": 0,
  "MaiPosition": [
    106.65377807617188,
    0.4497604966163635,
    96.36302185058594
  ],
  "MaiRotation": [
    0.0,
    0.7071068286895752,
    0.0,
    0.7071068286895752
  ],
  "HasBox": false,
  "RobyMaxHealth": 100.0,
  "RobyCurrentHealth": 100.0,
  "RobyPosition": [
    101.82583618164063,
    0.43244948983192446,
    98.81336212158203
  ],
  "RobyRotation": [
    0.0,
    0.9759058356285095,
    0.0,
    -0.21819192171096803
  ],
  "CratePosition": [
    99.16952514648438,
    0.6209073662757874,
    119.22001647949219
  ],
  "CrateRotation": [
    -0.012038164772093296,
    0.00021982818725518882,
    -0.02104385755956173,
    0.9997061491012573
  ],
  "CustomDictionaries": [
    {
      "SpawnPointName": "SpawnPoint",
      "EnemyStatsList": [
        {
          "EnemyType": 1,
          "hp": 200.0,
          "GUID": -205510,
          "EnemyPosition": [
            100.7575912475586,
            0.4324493408203125,
            98.15668487548828
          ],
          "EnemyRotation": [
            5.5308184269994468e-17,
            0.6762260794639587,
            6.025383428672247e-17,
            0.7366941571235657
          ]
        },
        {
          "EnemyType": 0,
          "hp": 100.0,
          "GUID": -205928,
          "EnemyPosition": [
            99.59281921386719,
            0.4324493408203125,
            100.73716735839844
          ],
          "EnemyRotation": [
            6.689901289872436e-17,
            0.9089868664741516,
            3.067718746533356e-17,
            0.41682475805282595
          ]
        }
      ]
    },
    {
      "SpawnPointName": "SpawnPoint (1)",
      "EnemyStatsList": [
        {
          "EnemyType": 1,
          "hp": 200.0,
          "GUID": -206350,
          "EnemyPosition": [
            100.6583480834961,
            0.4324493408203125,
            96.35942840576172
          ],
          "EnemyRotation": [
            0.0,
            0.30514824390411379,
            0.0,
            0.9523048996925354
          ]
        },
        {
          "EnemyType": 0,
          "hp": 100.0,
          "GUID": -206768,
          "EnemyPosition": [
            105.08575439453125,
            0.42191171646118166,
            99.63751220703125
          ],
          "EnemyRotation": [
            1.3116881170636974e-13,
            -0.7922450304031372,
            -1.0102904840839089e-13,
            0.6102030873298645
          ]
        }
      ]
    }
  ]
}