{"IsEnabled":false,"IsVisible":false,"IsAlive":false,"CurrentAbilities":[],"MaiMaxHealth":100.0,"MaiCurrentHealth":100.0,"CollectedCoins":0,"MaiPosition":[104.0999984741211,0.3659999966621399,97.4800033569336],"MaiRotation":[0.0,0.0,0.0,1.0],"HasBox":false,"RobyMaxHealth":100.0,"RobyCurrentHealth":100.0,"RobyPosition":[102.41999816894531,0.43244948983192446,96.25],"RobyRotation":[0.0,0.0,0.0,1.0],"CratePosition":[99.1695327758789,0.621113657951355,119.22002410888672],"CrateRotation":[-0.011944537051022053,0.00022099526540841907,-0.020084615796804429,0.9997268915176392],"Enemies":[{"isAlpha":false,"hp":200.0,"GUID":-336782,"EnemyPosition":[83.46998596191406,1.4686791896820069,114.48625946044922],"EnemyRotation":[0.0,0.07846593111753464,0.0,0.9969168305397034]},{"isAlpha":false,"hp":100.0,"GUID":-337200,"EnemyPosition":[85.53462219238281,1.724170207977295,121.8275146484375],"EnemyRotation":[0.0,-0.22231805324554444,0.0,0.9749742150306702]}]}